"id_Dim_Etudiant";"nom";"prenom";"genre";"addresse";"id_Dim_Classe";"age";"classe"
"1";"Murphy Shelton";"Wesley Cooley";"féminin";"P.O. Box 731, 7997 Sed, St.";"4";"18";"MISI3"
"2";"Margaret Pickett";"Davis Wilcox";"féminin";"Ap #360-9010 Adipiscing St.";"2";"25";"LMEN1"
"3";"Quentin Mcbride";"Zeus Whitehead";"féminin";"Ap #214-9799 Nam Rd.";"1";"19";"LMEN2"
"4";"Celeste Dickson";"Edan Meadows";"masculin";"Ap #527-9647 Mauris Street";"8";"26";"INGC2"
"5";"Kelly Hoffman";"Conan Roth";"féminin";"Ap #944-8124 Tincidunt Rd.";"3";"24";"LMEN2"
"6";"Burton Petty";"Jeremy Haney";"masculin";"3189 Erat Rd.";"5";"20";"LMEN3"
"7";"Inez Espinoza";"Colleen Barker";"masculin";"P.O. Box 686, 915 Phasellus Av.";"10";"24";"INGC3"
"8";"Cade Houston";"Rosalyn Benjamin";"féminin";"572-7822 Ante Street";"6";"18";"INGC2"
"9";"Sierra Hines";"Giselle Knight";"féminin";"P.O. Box 497, 8028 Sit Street";"7";"27";"MISI2"
"10";"Uriah Chase";"Chastity Ruiz";"masculin";"4458 Pharetra Rd.";"5";"27";"LMEN3"
"11";"Carly Morton";"Ashely Briggs";"féminin";"838-3748 Accumsan St.";"3";"20";"LMEN2"
"12";"Jermaine Shields";"Philip Joseph";"féminin";"1436 Ligula. Ave";"3";"23";"LMEN2"
"13";"Octavia Sharp";"Irene Melton";"féminin";"Ap #671-6009 Luctus Avenue";"6";"22";"INGC2"
"14";"Grace Wyatt";"Melodie Pickett";"masculin";"570-1220 Lacus. Rd.";"9";"25";"INGC1"
"15";"Cynthia Zimmerman";"Phelan Moses";"féminin";"Ap #467-5894 Vulputate, Rd.";"4";"22";"MISI3"
"16";"Preston Preston";"Paki Reeves";"féminin";"4340 Mi. Rd.";"5";"21";"LMEN3"
"17";"Jasper Medina";"Hedley Dennis";"masculin";"P.O. Box 876, 9986 Praesent Avenue";"5";"19";"LMEN3"
"18";"Wing Gordon";"Honorato Graves";"féminin";"854-8376 Interdum. Road";"1";"23";"LMEN2"
"19";"Imogene Livingston";"Fredericka Sykes";"féminin";"Ap #521-2051 Tellus Av.";"10";"19";"INGC3"
"20";"Shad Diaz";"Karen Kidd";"masculin";"144-2750 Suspendisse Road";"4";"20";"MISI3"
"21";"Grant Gray";"Bruce Copeland";"féminin";"652-6078 Justo. Ave";"2";"23";"LMEN1"
"22";"Aquila Leach";"Alea Martinez";"masculin";"P.O. Box 939, 5598 In Avenue";"1";"26";"LMEN2"
"23";"Adria Love";"Colette Curry";"masculin";"P.O. Box 779, 3911 Ultrices Road";"8";"18";"INGC2"
"24";"Allen Carter";"Alma Macdonald";"masculin";"Ap #297-7350 Velit Street";"3";"18";"LMEN2"
"25";"Rowan Carver";"Alden Hart";"masculin";"673-6964 Risus. Rd.";"8";"27";"INGC2"
"26";"Donna Stout";"Martin Lowe";"masculin";"Ap #790-1630 Risus Rd.";"2";"24";"LMEN1"
"27";"Howard Copeland";"Kim Andrews";"masculin";"Ap #478-1152 Eu Av.";"10";"22";"INGC3"
"28";"Lois Ballard";"Quentin Saunders";"masculin";"Ap #143-9781 Amet Av.";"6";"26";"INGC2"
"29";"Evan Mendez";"Tarik Watson";"féminin";"331-8609 Vulputate Road";"2";"18";"LMEN1"
"30";"Lamar Mcdonald";"Griffith Vazquez";"féminin";"P.O. Box 941, 2435 Aenean Road";"5";"17";"LMEN3"
"31";"Kieran Hebert";"Justine Sandoval";"masculin";"398-101 Tristique Rd.";"4";"28";"MISI3"
"32";"Tamekah Benson";"Mollie Strong";"masculin";"741-4677 Odio Av.";"8";"24";"INGC2"
"33";"Orlando Clemons";"Thaddeus Callahan";"masculin";"Ap #681-8178 Pede. St.";"6";"17";"INGC2"
"34";"Eric Mclean";"Orson Stone";"masculin";"2971 Tincidunt Rd.";"4";"19";"MISI3"
"35";"Alea Harris";"Rachel Booker";"féminin";"Ap #905-8532 Vitae St.";"9";"18";"INGC1"
"36";"Blake Shelton";"Rahim Valentine";"masculin";"P.O. Box 122, 7351 Enim St.";"1";"19";"LMEN2"
"37";"Lucius Warren";"Noah Gentry";"masculin";"Ap #155-5815 Mi Ave";"7";"20";"MISI2"
"38";"Hedwig Duke";"Caldwell York";"féminin";"P.O. Box 398, 1364 Neque Road";"8";"22";"INGC2"
"39";"Yuri Cobb";"Kenneth Good";"féminin";"P.O. Box 137, 9234 Donec Ave";"7";"18";"MISI2"
"40";"Neil Burgess";"Wynter Cooley";"masculin";"Ap #973-5464 Dapibus Av.";"8";"22";"INGC2"
"41";"Minerva Christian";"Rebekah Mccarty";"masculin";"Ap #889-7428 Sagittis Street";"6";"23";"INGC2"
"42";"Rowan Mason";"Erin Waller";"masculin";"590-7383 Sit Av.";"4";"20";"MISI3"
"43";"Shelley Levy";"Velma Lopez";"féminin";"Ap #235-6898 Accumsan St.";"3";"19";"LMEN2"
"44";"Jelani Wiley";"Buffy Noel";"masculin";"Ap #327-4037 Felis Ave";"10";"28";"INGC3"
"45";"Cassady Stewart";"Dacey Tillman";"masculin";"P.O. Box 502, 4647 Lectus Av.";"4";"22";"MISI3"
"46";"Dante Hinton";"Colin Stark";"féminin";"243-6996 Mi, Road";"8";"17";"INGC2"
"47";"Alice Roth";"Akeem Leblanc";"féminin";"P.O. Box 328, 5553 Amet, Road";"6";"22";"INGC2"
"48";"Keegan Ayala";"Medge Fernandez";"féminin";"Ap #481-7600 At St.";"2";"24";"LMEN1"
"49";"Leilani Fleming";"Margaret Burton";"masculin";"599-9621 Risus. Av.";"3";"17";"LMEN2"
"50";"Herman Kane";"Quentin England";"masculin";"P.O. Box 470, 2278 In Avenue";"6";"25";"INGC2"
"51";"Benjamin Blake";"Harrison Baxter";"féminin";"979-9603 Nulla Ave";"8";"18";"INGC2"
"52";"Eric Bass";"Eleanor Valentine";"féminin";"890-6148 Vestibulum Ave";"8";"23";"INGC2"
"53";"Nolan Barr";"Silas Vaughan";"masculin";"654-5443 Eget St.";"6";"20";"INGC2"
"54";"Ella Franco";"Abraham Mclaughlin";"masculin";"P.O. Box 617, 7607 Nullam St.";"6";"23";"INGC2"
"55";"Kirk Riddle";"Duncan Price";"masculin";"457-3543 Cras Rd.";"4";"19";"MISI3"
"56";"Blythe Holcomb";"Molly Collier";"masculin";"172-774 Justo Av.";"4";"19";"MISI3"
"57";"Amelia Vazquez";"Minerva Benton";"féminin";"Ap #654-5617 Mauris Rd.";"10";"17";"INGC3"
"58";"Sylvester Murphy";"Dane Keller";"féminin";"9729 Eu St.";"2";"25";"LMEN1"
"59";"Carol Adams";"Alan Merritt";"féminin";"Ap #256-9313 Neque Avenue";"4";"26";"MISI3"
"60";"Venus Kerr";"Kenneth Tillman";"féminin";"178-3143 Donec Road";"2";"26";"LMEN1"
"61";"Colton Mcintosh";"Hayden Kennedy";"féminin";"5997 Cubilia Av.";"6";"22";"INGC2"
"62";"Kasimir Cook";"Jane Travis";"masculin";"2926 Sem. Street";"10";"27";"INGC3"
"63";"Sebastian Clark";"Sharon Sellers";"féminin";"P.O. Box 662, 4498 Ac, Street";"7";"18";"MISI2"
"64";"Xenos Johnston";"Ruby Blackwell";"féminin";"P.O. Box 844, 9452 Dignissim Rd.";"1";"18";"LMEN2"
"65";"Clio Sexton";"Desiree Tanner";"féminin";"P.O. Box 324, 5298 Pretium St.";"2";"28";"LMEN1"
"66";"Aladdin Doyle";"Nita Johnston";"masculin";"Ap #658-3613 Consequat Ave";"9";"27";"INGC1"
"67";"Madeline Mercado";"Kiara Aguilar";"féminin";"Ap #802-1838 At Street";"8";"17";"INGC2"
"68";"Kathleen Stafford";"Gillian Lara";"masculin";"250-2552 Aenean Street";"2";"19";"LMEN1"
"69";"Marah Randall";"Jena Yang";"féminin";"9862 Nec St.";"5";"25";"LMEN3"
"70";"Todd Lindsay";"Carly Burris";"masculin";"4148 Amet, Ave";"9";"27";"INGC1"
"71";"Amir Sherman";"Coby Farmer";"masculin";"Ap #586-995 Ad Av.";"10";"17";"INGC3"
"72";"Kevin Berger";"Clio O'connor";"féminin";"P.O. Box 601, 2605 Amet, Rd.";"6";"21";"INGC2"
"73";"Yvette Combs";"Macon Bruce";"féminin";"Ap #708-8053 Arcu. Street";"10";"21";"INGC3"
"74";"Nichole Savage";"Nero Bowman";"féminin";"9199 Ipsum Rd.";"2";"23";"LMEN1"
"75";"Rina Shannon";"Quon Finley";"masculin";"Ap #402-8074 Cursus Rd.";"5";"26";"LMEN3"
"76";"Dai Benson";"Wang Malone";"féminin";"P.O. Box 702, 8444 Aenean St.";"5";"27";"LMEN3"
"77";"Quon Shannon";"Noelani Daugherty";"masculin";"P.O. Box 863, 1975 Donec Rd.";"7";"22";"MISI2"
"78";"Katell Moran";"Victor Gomez";"masculin";"9862 Pede Ave";"7";"18";"MISI2"
"79";"Philip Holman";"Odessa Ramirez";"féminin";"8472 Dolor. Ave";"3";"18";"LMEN2"
"80";"Wynne Castaneda";"Valentine Gates";"féminin";"176-5421 Fusce St.";"8";"19";"INGC2"
"81";"Cedric Byers";"Jaime Hanson";"féminin";"337-8596 A Avenue";"2";"18";"LMEN1"
"82";"Larissa Manning";"Dolan Wiggins";"masculin";"282 Nulla Avenue";"6";"17";"INGC2"
"83";"Ivor Burns";"Berk Lowe";"masculin";"Ap #446-9911 Rhoncus. Rd.";"2";"19";"LMEN1"
"84";"Mufutau Fischer";"Sonia Byers";"masculin";"711-5099 Enim. Rd.";"5";"22";"LMEN3"
"85";"Akeem Austin";"Angelica Maddox";"masculin";"Ap #728-1744 Dui. Street";"6";"26";"INGC2"
"86";"Leandra Harrell";"Lydia Massey";"féminin";"376-1085 Pede. Avenue";"4";"26";"MISI3"
"87";"Chancellor Powers";"Adele Chaney";"masculin";"4831 Sed, Ave";"2";"23";"LMEN1"
"88";"Hillary Johns";"Claudia Hewitt";"masculin";"P.O. Box 950, 3444 Rhoncus Rd.";"4";"17";"MISI3"
"89";"Moses Fletcher";"Amy Mccoy";"féminin";"945-4587 Nulla. Avenue";"8";"17";"INGC2"
"90";"Demetria Sandoval";"Grace Mcdowell";"masculin";"3131 Aliquam St.";"6";"28";"INGC2"
"91";"Eliana Davenport";"Amanda Pena";"masculin";"454-7330 Sed Av.";"3";"20";"LMEN2"
"92";"Leigh Meadows";"Remedios Espinoza";"féminin";"Ap #696-7764 In Street";"10";"18";"INGC3"
"93";"Mariam Woodward";"Cassandra Clements";"féminin";"376-4110 Sodales Rd.";"4";"19";"MISI3"
"94";"Lilah Gilbert";"Ignacia Moss";"féminin";"P.O. Box 773, 5945 Condimentum. Street";"5";"22";"LMEN3"
"95";"Clarke Mcdonald";"Caesar Pate";"féminin";"Ap #358-1868 Eget, Rd.";"8";"24";"INGC2"
"96";"Venus Lambert";"Carter Lambert";"masculin";"Ap #797-5114 Nonummy. Rd.";"7";"25";"MISI2"
"97";"Garrison Velazquez";"Emerald Hall";"féminin";"3819 Pellentesque St.";"4";"26";"MISI3"
"98";"Baker Trevino";"Leslie Keith";"féminin";"513-1523 Praesent St.";"6";"25";"INGC2"
"99";"Roanna Pennington";"Uriah Patterson";"masculin";"1560 Nibh Ave";"1";"19";"LMEN2"
"100";"Heidi Harris";"Ava Summers";"féminin";"458-1545 Facilisis, Av.";"2";"26";"LMEN1"
"101";"Brynn Short";"Irma Hull";"féminin";"Ap #693-5022 Purus. Street";"1";"21";"LMEN2"
"102";"Yardley Baldwin";"Geoffrey Sanchez";"masculin";"Ap #301-1637 Est Road";"6";"27";"INGC2"
"103";"Zeus Mcdowell";"Blake Tyler";"féminin";"9497 Facilisis Rd.";"3";"18";"LMEN2"
"104";"Elizabeth Compton";"Jessica Tyson";"masculin";"397-1745 Etiam Ave";"4";"27";"MISI3"
"105";"Sophia Hopper";"Uta Yang";"féminin";"878-7054 Purus. Av.";"1";"23";"LMEN2"
"106";"Sebastian Cash";"Stacy Koch";"féminin";"P.O. Box 848, 8941 Mauris Rd.";"5";"21";"LMEN3"
"107";"Rudyard Thompson";"Uta Langley";"féminin";"676-3239 Pede. Road";"3";"22";"LMEN2"
"108";"Fletcher Baker";"Irma Harrington";"masculin";"P.O. Box 455, 8804 Odio Ave";"6";"24";"INGC2"
"109";"Keiko Berger";"Acton Melton";"masculin";"565-4686 Elementum, Ave";"7";"26";"MISI2"
"110";"Lewis Stephens";"Wayne Nolan";"masculin";"Ap #428-1898 Sem Av.";"8";"17";"INGC2"
"111";"Quinn Washington";"Victor Haney";"féminin";"1770 Quisque Road";"3";"23";"LMEN2"
"112";"Blaze Lawson";"Barry Carson";"féminin";"728-3530 Lobortis Ave";"7";"21";"MISI2"
"113";"Jakeem Rowe";"Summer Mcguire";"masculin";"Ap #324-4686 Mattis Rd.";"9";"24";"INGC1"
"114";"Daria Browning";"Bruno Kidd";"féminin";"P.O. Box 523, 7035 Ut St.";"8";"24";"INGC2"
"115";"Stewart Ballard";"Ingrid Gilmore";"masculin";"Ap #884-2788 Donec Road";"2";"22";"LMEN1"
"116";"Trevor Long";"Abdul Hobbs";"féminin";"262-2392 Morbi Ave";"10";"26";"INGC3"
"117";"Natalie Randolph";"Amal Watts";"masculin";"265-875 Aliquet Av.";"8";"24";"INGC2"
"118";"Geraldine Welch";"Caleb Booth";"féminin";"P.O. Box 808, 1352 Quisque St.";"3";"19";"LMEN2"
"119";"Eaton Spears";"Maisie Waters";"masculin";"162-9049 Quam Rd.";"8";"20";"INGC2"
"120";"Aladdin Jennings";"Ray Garrett";"féminin";"652-2889 Diam Avenue";"9";"20";"INGC1"
"121";"Jessica May";"Joy Lawson";"masculin";"P.O. Box 566, 6796 Eu Ave";"10";"21";"INGC3"
"122";"Myles Dominguez";"Ivor Berry";"féminin";"P.O. Box 882, 2181 Curabitur Rd.";"2";"28";"LMEN1"
"123";"Madeson Nunez";"Derek Thomas";"masculin";"612-6449 Nec Ave";"5";"27";"LMEN3"
"124";"Aquila Mosley";"Ryder Allen";"masculin";"P.O. Box 673, 7995 Sagittis Rd.";"6";"19";"INGC2"
"125";"Martha Silva";"Xavier Ball";"féminin";"Ap #955-5308 Nec Avenue";"7";"24";"MISI2"
"126";"Ryder Payne";"Macaulay Kirk";"féminin";"Ap #904-1189 Ipsum Avenue";"7";"18";"MISI2"
"127";"Keegan Malone";"Keith Elliott";"féminin";"P.O. Box 589, 9149 Interdum Ave";"4";"26";"MISI3"
"128";"Lester Dotson";"Barry Leonard";"féminin";"919-199 Non Avenue";"8";"21";"INGC2"
"129";"Shoshana Burke";"Alvin Pratt";"féminin";"2165 Feugiat. Avenue";"9";"25";"INGC1"
"130";"Orli Stewart";"Kenneth Chase";"féminin";"3039 Ullamcorper. St.";"6";"28";"INGC2"
"131";"Fitzgerald Waters";"Nolan Sawyer";"féminin";"342-5964 Malesuada Street";"2";"27";"LMEN1"
"132";"Wing Santiago";"Germaine Nixon";"masculin";"619-8579 Adipiscing Rd.";"5";"19";"LMEN3"
"133";"Allen Hinton";"Kenneth Jennings";"féminin";"897-2462 Nunc St.";"2";"27";"LMEN1"
"134";"Palmer Ayers";"Jonas Bauer";"féminin";"Ap #241-4097 Purus, Av.";"5";"25";"LMEN3"
"135";"Fay Moreno";"Patricia Riddle";"féminin";"Ap #811-6846 Justo Av.";"7";"22";"MISI2"
"136";"Aiko Payne";"Chastity Conway";"masculin";"Ap #262-858 Volutpat St.";"3";"25";"LMEN2"
"137";"Fiona Velazquez";"Breanna Harrison";"masculin";"188-6628 Morbi Street";"2";"21";"LMEN1"
"138";"Aurora Parks";"Illana Barlow";"féminin";"Ap #369-6849 Cras Rd.";"3";"19";"LMEN2"
"139";"Seth Pollard";"Dillon Page";"masculin";"Ap #853-3586 Ligula Avenue";"8";"17";"INGC2"
"140";"Dominic Gay";"Whilemina Bowman";"masculin";"Ap #419-1106 Mattis Av.";"3";"20";"LMEN2"
"141";"Cain Curtis";"Buffy Beard";"féminin";"542-9588 Eget Av.";"8";"27";"INGC2"
"142";"Jared Sandoval";"Melissa Diaz";"masculin";"P.O. Box 976, 1540 Elit Street";"4";"17";"MISI3"
"143";"Cody Trujillo";"Theodore Miles";"masculin";"825-8742 Ut Street";"5";"17";"LMEN3"
"144";"Colin Cameron";"Miranda Hartman";"féminin";"P.O. Box 881, 4821 Luctus, St.";"1";"22";"LMEN2"
"145";"Gillian Becker";"Maggy Frost";"masculin";"1814 Ante Road";"7";"25";"MISI2"
"146";"Deacon Hall";"Velma Brooks";"féminin";"159-2097 Ipsum. Av.";"4";"19";"MISI3"
"147";"Jamalia Coleman";"Indigo Jensen";"féminin";"4284 Dapibus St.";"2";"26";"LMEN1"
"148";"James Mcconnell";"Ila Bird";"féminin";"P.O. Box 139, 2428 Interdum Av.";"3";"28";"LMEN2"
"149";"Jamal Roberson";"Teagan Lewis";"féminin";"841-3366 Ligula Rd.";"5";"19";"LMEN3"
"150";"Gay Gentry";"Macon Wilcox";"masculin";"7734 Feugiat Ave";"3";"18";"LMEN2"
"151";"Chester Spears";"Price Higgins";"féminin";"P.O. Box 842, 8531 Integer Ave";"6";"25";"INGC2"
"152";"Michael Cameron";"Brenden O'donnell";"masculin";"759-680 Felis Rd.";"5";"21";"LMEN3"
"153";"Stacy Hobbs";"Simone Mullen";"masculin";"Ap #695-4367 Suspendisse St.";"1";"21";"LMEN2"
"154";"Basia Hall";"Quamar Rush";"féminin";"793-7724 Sed St.";"8";"19";"INGC2"
"155";"Dora Hardin";"Briar Park";"féminin";"584-4424 Odio Road";"3";"17";"LMEN2"
"156";"Martha Dorsey";"Eagan Sandoval";"masculin";"7393 Sociis Street";"7";"19";"MISI2"
"157";"Rachel Blevins";"Kelsey Stephenson";"féminin";"586-3622 Dolor St.";"3";"17";"LMEN2"
"158";"Ethan Brock";"Hillary French";"féminin";"873-9814 Dui Ave";"7";"23";"MISI2"
"159";"Harrison Johnson";"Moses Simon";"masculin";"9553 Volutpat Ave";"2";"19";"LMEN1"
"160";"Ian Ball";"TaShya Brady";"masculin";"901-2913 Dui. Avenue";"4";"18";"MISI3"
"161";"Erica Macdonald";"Oren Whitfield";"masculin";"Ap #795-7898 Donec Ave";"9";"26";"INGC1"
"162";"Owen Franklin";"Abra Todd";"féminin";"623-1654 Sed Rd.";"6";"18";"INGC2"
"163";"Quinlan Odom";"Anthony Franks";"féminin";"Ap #379-344 Malesuada Ave";"2";"17";"LMEN1"
"164";"Aline Nash";"Prescott Sexton";"masculin";"967-7971 Luctus Avenue";"5";"20";"LMEN3"
"165";"Julian Dominguez";"Christen Wilder";"masculin";"P.O. Box 405, 8284 Rutrum Street";"4";"18";"MISI3"
"166";"Alfonso Drake";"Colette Hoffman";"féminin";"P.O. Box 826, 7980 Lacus. Ave";"4";"23";"MISI3"
"167";"Gisela Lewis";"Wylie Rowland";"féminin";"293-5270 Ligula. Rd.";"10";"24";"INGC3"
"168";"Britanney Lynn";"Aaron Williamson";"féminin";"P.O. Box 605, 8246 Enim Avenue";"3";"18";"LMEN2"
"169";"Alexis Gamble";"Jerome Huff";"masculin";"Ap #874-4007 Phasellus Avenue";"6";"20";"INGC2"
"170";"Sierra Daugherty";"Robert Medina";"féminin";"8609 Eu, Rd.";"2";"25";"LMEN1"
"171";"Zachery Fitzgerald";"Angelica Dean";"masculin";"Ap #280-5448 Sed Av.";"3";"21";"LMEN2"
"172";"Jared Burton";"Naomi Johns";"masculin";"6856 Donec Rd.";"3";"25";"LMEN2"
"173";"Ina Blair";"Ashton Jennings";"féminin";"Ap #876-263 Nisi. Rd.";"5";"19";"LMEN3"
"174";"Paloma Armstrong";"Rhonda Reid";"masculin";"523-4778 Velit. Road";"10";"22";"INGC3"
"175";"Virginia Hunt";"Ross Joseph";"féminin";"Ap #154-3113 Porttitor St.";"6";"28";"INGC2"
"176";"Lunea Cain";"August Aguirre";"masculin";"915-4177 Pede. Av.";"4";"24";"MISI3"
"177";"Dara Vincent";"Alma Pugh";"masculin";"9880 Aptent Rd.";"6";"25";"INGC2"
"178";"Chester Merrill";"Jesse Crosby";"masculin";"106-7287 Ligula St.";"6";"19";"INGC2"
"179";"Halee Underwood";"Quin Barrera";"masculin";"899-8297 Arcu St.";"2";"26";"LMEN1"
"180";"Britanney Osborne";"Catherine Young";"masculin";"8969 Interdum. Road";"9";"20";"INGC1"
"181";"Herrod Barrett";"Yvonne Holcomb";"masculin";"871-1459 Duis St.";"8";"26";"INGC2"
"182";"Kennedy Carney";"Julian Bartlett";"masculin";"Ap #962-9562 Pellentesque Avenue";"6";"21";"INGC2"
"183";"Carlos Burris";"Nissim Hubbard";"masculin";"Ap #292-9573 Tellus Ave";"2";"22";"LMEN1"
"184";"Rachel Blanchard";"Amelia Estrada";"féminin";"4082 Suspendisse Rd.";"2";"19";"LMEN1"
"185";"Amir Bruce";"Maggie Bates";"féminin";"846-2532 Odio, Avenue";"8";"23";"INGC2"
"186";"Zorita Boyle";"Ferdinand Barnes";"féminin";"Ap #139-7097 Posuere Av.";"6";"20";"INGC2"
"187";"Roary Tanner";"Destiny Christian";"masculin";"P.O. Box 432, 2131 Neque. Av.";"9";"25";"INGC1"
"188";"Aidan Hartman";"Harper Bryant";"féminin";"2893 Pede Avenue";"10";"18";"INGC3"
"189";"Colin Leach";"Cynthia Wolf";"masculin";"965-7644 Tempus Road";"3";"26";"LMEN2"
"190";"Aristotle Graham";"Uta Noel";"masculin";"Ap #882-9120 Maecenas Rd.";"3";"21";"LMEN2"
"191";"Veda Spencer";"Fatima Burks";"masculin";"Ap #363-3762 Et Rd.";"8";"27";"INGC2"
"192";"Ina Mcleod";"Isaac Marshall";"masculin";"P.O. Box 968, 5749 Rutrum Road";"6";"19";"INGC2"
"193";"Clayton Bryan";"Faith Sargent";"féminin";"914 Sed Ave";"3";"24";"LMEN2"
"194";"Xantha Mercer";"Callum Oliver";"masculin";"Ap #668-9311 Accumsan Street";"6";"23";"INGC2"
"195";"Phillip Cross";"Gretchen Stout";"féminin";"Ap #653-8591 Libero Street";"8";"21";"INGC2"
"196";"Rhoda Kelley";"Devin Holmes";"féminin";"920-3078 Eget Ave";"2";"21";"LMEN1"
"197";"Nissim Welch";"Eric Morrow";"masculin";"694-6271 Suspendisse Avenue";"9";"22";"INGC1"
"198";"Scarlett Hoffman";"Holmes Jones";"masculin";"615-5177 Metus. St.";"9";"25";"INGC1"
"199";"Helen Flowers";"Jerome Mcdowell";"féminin";"Ap #382-7102 Nostra, Road";"1";"22";"LMEN2"
"200";"Lila Blackwell";"Tanner Oneal";"féminin";"P.O. Box 510, 196 Ut Rd.";"10";"25";"INGC3"
"201";"Stephen Rios";"Sharon Velez";"masculin";"386-3690 Nullam Road";"8";"23";"INGC2"
"202";"Hammett Odom";"Hayes Mccullough";"masculin";"949-630 Nullam Avenue";"7";"23";"MISI2"
"203";"Clare Hood";"Yvonne Myers";"masculin";"P.O. Box 883, 887 Euismod Av.";"6";"28";"INGC2"
"204";"September Chase";"Merritt Mccarty";"masculin";"Ap #930-3302 Nonummy. Avenue";"4";"26";"MISI3"
"205";"Hayfa Wagner";"Walker Berry";"masculin";"P.O. Box 498, 3897 Rhoncus Road";"1";"26";"LMEN2"
"206";"Macy Todd";"Camille Bridges";"masculin";"P.O. Box 460, 3373 Mauris Av.";"4";"25";"MISI3"
"207";"Mari Mccoy";"Arsenio Mcclure";"masculin";"Ap #662-3150 Aptent Ave";"5";"22";"LMEN3"
"208";"Seth Cole";"Aspen Guerra";"masculin";"Ap #566-4626 At Road";"8";"27";"INGC2"
"209";"Melodie Kennedy";"Hashim Dorsey";"féminin";"Ap #236-3993 Volutpat. Ave";"5";"27";"LMEN3"
"210";"Colby Jarvis";"Isabelle Daniel";"féminin";"231 Neque St.";"10";"17";"INGC3"
"211";"Adena Simon";"Kamal Payne";"masculin";"Ap #682-504 Dui, Rd.";"8";"26";"INGC2"
"212";"Lenore Reese";"Tad Fernandez";"féminin";"136-2870 Quisque St.";"9";"28";"INGC1"
"213";"Jaden Avery";"Bell Merrill";"féminin";"494-1075 Nibh Av.";"6";"22";"INGC2"
"214";"Hamish Ingram";"Adrian Cohen";"féminin";"836-5957 Ac St.";"2";"24";"LMEN1"
"215";"Kyla Franklin";"Karyn Hartman";"féminin";"Ap #733-5872 Rutrum Rd.";"5";"20";"LMEN3"
"216";"Honorato Doyle";"Chiquita Maddox";"masculin";"5056 Semper Road";"10";"19";"INGC3"
"217";"Rosalyn Shepherd";"Rebekah Casey";"masculin";"468-3248 Non, Ave";"5";"18";"LMEN3"
"218";"Christopher Kirk";"Brandon Washington";"masculin";"Ap #627-6060 Nulla Avenue";"1";"22";"LMEN2"
"219";"Remedios Horn";"Jackson Pittman";"féminin";"9360 Non Ave";"3";"20";"LMEN2"
"220";"Chantale Joyner";"Gage Dalton";"masculin";"Ap #408-5884 Purus, Av.";"1";"26";"LMEN2"
"221";"Isabella Franklin";"Sade Carpenter";"féminin";"Ap #267-2876 Molestie St.";"3";"21";"LMEN2"
"222";"Carolyn Hicks";"Gareth French";"masculin";"129-8676 Blandit Road";"1";"20";"LMEN2"
"223";"Ila Byers";"Jared Dotson";"masculin";"Ap #984-5097 Faucibus Rd.";"10";"18";"INGC3"
"224";"Chanda Horn";"Nash Wall";"masculin";"537-3329 Integer Av.";"3";"27";"LMEN2"
"225";"Josephine Michael";"Urielle Hunter";"masculin";"3330 Aliquet Avenue";"2";"26";"LMEN1"
"226";"Daniel Owens";"Armand Calhoun";"féminin";"Ap #754-4693 Tristique Av.";"7";"17";"MISI2"
"227";"Slade Christian";"Ginger Wilkinson";"masculin";"Ap #391-605 Magna. Ave";"3";"28";"LMEN2"
"228";"Gemma Wright";"Caryn Avila";"féminin";"P.O. Box 773, 8242 Iaculis Rd.";"9";"24";"INGC1"
"229";"Jessica Weeks";"Luke Guy";"féminin";"560-1803 Neque. St.";"8";"24";"INGC2"
"230";"Carl Alexander";"Gannon Pace";"masculin";"Ap #134-1723 Feugiat Av.";"3";"27";"LMEN2"
"231";"Jeanette Hatfield";"Phyllis Nolan";"féminin";"P.O. Box 396, 3033 Id, Rd.";"10";"18";"INGC3"
"232";"Alea Rivera";"Nerea Reed";"féminin";"P.O. Box 547, 3748 Mattis Ave";"9";"24";"INGC1"
"233";"Helen Ortiz";"Gannon Emerson";"féminin";"616-2292 Erat Av.";"4";"24";"MISI3"
"234";"Regan Boyle";"Summer Clay";"masculin";"P.O. Box 444, 3130 Sem. Avenue";"6";"20";"INGC2"
"235";"Beck Beck";"Noel Mendez";"masculin";"805-5958 Velit Avenue";"5";"20";"LMEN3"
"236";"Sybill Moreno";"Dillon Moses";"féminin";"894-8679 Nam Rd.";"10";"17";"INGC3"
"237";"Nita Madden";"Joelle Pearson";"masculin";"Ap #302-3886 Nullam Ave";"3";"22";"LMEN2"
"238";"Blake Chavez";"Allegra Padilla";"féminin";"Ap #736-5429 Nibh. St.";"9";"25";"INGC1"
"239";"Germaine Whitfield";"Chadwick Patrick";"masculin";"9532 Velit. Av.";"2";"19";"LMEN1"
"240";"Troy Goodwin";"Keane Hebert";"masculin";"Ap #681-9909 Vestibulum Street";"8";"18";"INGC2"
"241";"Urielle Dawson";"Beau Roberson";"masculin";"P.O. Box 965, 1541 Est. St.";"9";"25";"INGC1"
"242";"Charity Mckay";"Gail Booth";"féminin";"862-814 Lectus. St.";"5";"28";"LMEN3"
"243";"Bryar George";"Ivy Tyler";"féminin";"Ap #878-9284 Mauris St.";"4";"27";"MISI3"
"244";"Stella Emerson";"Uriel Horton";"masculin";"P.O. Box 227, 9413 Ipsum. Rd.";"3";"27";"LMEN2"
"245";"Suki Sparks";"Tarik Woodward";"féminin";"3303 Elementum Rd.";"5";"18";"LMEN3"
"246";"Lane Morrow";"Rafael Lindsey";"féminin";"7418 At Rd.";"4";"21";"MISI3"
"247";"Tucker Mack";"Alan Tillman";"masculin";"850-5704 Enim Rd.";"8";"23";"INGC2"
"248";"Jarrod Stout";"Cleo Dillon";"masculin";"P.O. Box 795, 5473 Leo, St.";"9";"25";"INGC1"
"249";"Felix Buchanan";"Lee Brock";"féminin";"P.O. Box 480, 9590 Suspendisse Ave";"6";"23";"INGC2"
"250";"Kennedy Norton";"Ella Allen";"masculin";"Ap #318-1065 A, Road";"8";"27";"INGC2"
"251";"Cameron Hubbard";"Denise May";"féminin";"P.O. Box 162, 124 Neque Road";"3";"25";"LMEN2"
"252";"Pascale Juarez";"Ori Joyce";"masculin";"Ap #764-1316 Elementum Avenue";"10";"21";"INGC3"
"253";"Jamal Oneal";"Odessa Montgomery";"féminin";"206-8641 Enim. Rd.";"3";"21";"LMEN2"
"254";"Rebecca Boone";"Rana Kelly";"féminin";"Ap #148-4056 Nonummy. Rd.";"2";"24";"LMEN1"
"255";"Miriam Lowe";"Gemma Rodgers";"féminin";"610-3444 Placerat Street";"9";"25";"INGC1"
"256";"Yuli Vincent";"Richard Carlson";"féminin";"P.O. Box 907, 651 Sodales Avenue";"2";"21";"LMEN1"
"257";"Emi Maxwell";"Illana Jimenez";"masculin";"454-7227 Nec St.";"8";"27";"INGC2"
"258";"Skyler Payne";"Madison Ballard";"féminin";"1520 Montes, Avenue";"8";"24";"INGC2"
"259";"Hilel Morton";"Irma Warren";"féminin";"Ap #945-1215 Sed Street";"8";"18";"INGC2"
"260";"Hunter Harmon";"Robert Ball";"masculin";"P.O. Box 811, 3193 Ut, Rd.";"6";"23";"INGC2"
"261";"Marah Hurley";"Jael Herring";"féminin";"2468 Magna. Ave";"2";"27";"LMEN1"
"262";"Amela Duncan";"Shaine Hodges";"féminin";"400 Sit Road";"5";"26";"LMEN3"
"263";"Kadeem Hicks";"Uriah Cameron";"féminin";"696-9511 Bibendum Street";"9";"20";"INGC1"
"264";"Selma Green";"Aladdin Alexander";"féminin";"Ap #320-6662 Duis Rd.";"6";"26";"INGC2"
"265";"George Ross";"Sigourney Brady";"masculin";"Ap #294-4141 Augue Road";"4";"26";"MISI3"
"266";"Wynne Little";"Fatima Cline";"masculin";"Ap #790-3862 Amet Av.";"5";"20";"LMEN3"
"267";"Wayne Hopper";"Vaughan Mcmillan";"masculin";"627-5617 Nascetur Ave";"4";"25";"MISI3"
"268";"Quentin Sparks";"Riley Lindsay";"masculin";"Ap #348-2423 Egestas. Rd.";"2";"25";"LMEN1"
"269";"Jacqueline Willis";"Freya Burnett";"masculin";"490 Nec St.";"10";"23";"INGC3"
"270";"Idona Harmon";"Hedda Perry";"masculin";"904-1727 Aliquet Av.";"3";"23";"LMEN2"
"271";"Lewis Stein";"Evangeline Benton";"masculin";"7544 Luctus St.";"5";"21";"LMEN3"
"272";"Hammett Cross";"Cyrus Black";"masculin";"808-191 Auctor St.";"7";"22";"MISI2"
"273";"Cole Bowman";"Bryar Pope";"féminin";"Ap #907-9199 Eu St.";"9";"20";"INGC1"
"274";"Claudia French";"Russell Perez";"féminin";"3412 Commodo Rd.";"8";"18";"INGC2"
"275";"Calista Edwards";"Debra Madden";"masculin";"P.O. Box 450, 5433 Ut St.";"8";"18";"INGC2"
"276";"Austin Hansen";"Victor Reynolds";"féminin";"Ap #231-7449 Donec Rd.";"3";"25";"LMEN2"
"277";"Emery Hopper";"Wallace Turner";"masculin";"288-2038 Neque Rd.";"2";"21";"LMEN1"
"278";"Gregory Paul";"Tanya Adkins";"féminin";"890-4719 Dolor. Av.";"9";"22";"INGC1"
"279";"Abraham Church";"Lara Lynn";"masculin";"988-7978 Et Avenue";"9";"25";"INGC1"
"280";"Edan Kelly";"Kareem Goodman";"féminin";"Ap #831-4123 Ut, Rd.";"4";"24";"MISI3"
"281";"Yen Byers";"Breanna Mcdonald";"féminin";"Ap #982-9048 Ultrices Rd.";"8";"17";"INGC2"
"282";"Alan Sutton";"Shelby Buchanan";"féminin";"P.O. Box 312, 3133 Nullam Ave";"4";"27";"MISI3"
"283";"Jana Noel";"Vincent Marquez";"féminin";"Ap #942-195 Phasellus Rd.";"6";"20";"INGC2"
"284";"Stewart Foreman";"Igor Torres";"féminin";"Ap #358-8019 Dolor Av.";"4";"24";"MISI3"
"285";"Yael Waller";"Todd Webster";"féminin";"Ap #286-6553 Fames Av.";"10";"23";"INGC3"
"286";"Demetria Nolan";"Cadman Mills";"masculin";"661-9461 Vivamus Road";"4";"27";"MISI3"
"287";"Patience Lloyd";"Abbot Rosales";"féminin";"804-4492 Interdum Ave";"4";"20";"MISI3"
"288";"Ira Duke";"Barbara Barr";"masculin";"941-3562 Lectus Av.";"5";"18";"LMEN3"
"289";"Garrett Stanley";"Alyssa Gates";"masculin";"Ap #911-5156 Amet Rd.";"8";"19";"INGC2"
"290";"Warren Knapp";"Ian Merrill";"masculin";"654-4130 Venenatis Av.";"2";"20";"LMEN1"
"291";"Mollie Gallegos";"Hermione York";"féminin";"Ap #313-9015 Fusce St.";"9";"25";"INGC1"
"292";"Freya Delaney";"Grady Kline";"masculin";"407-5334 Nunc Road";"3";"20";"LMEN2"
"293";"Tate Dyer";"Bertha Mcfarland";"féminin";"573-7985 Magna. St.";"5";"17";"LMEN3"
"294";"Adara Chase";"Lawrence Freeman";"féminin";"Ap #194-9310 Ac, Rd.";"7";"25";"MISI2"
"295";"Tarik Bradford";"Kuame Mcguire";"masculin";"653-6530 Aliquet, St.";"2";"18";"LMEN1"
"296";"Hedda Hyde";"Shay Kelley";"féminin";"Ap #628-543 Eget Rd.";"4";"27";"MISI3"
"297";"Gay Lee";"Hyacinth Crosby";"féminin";"938-9387 Vulputate, Av.";"8";"21";"INGC2"
"298";"Jayme Alvarez";"Abel Orr";"féminin";"Ap #455-3731 Id St.";"4";"23";"MISI3"
"299";"Rana Case";"Donovan Dyer";"masculin";"1039 Eu Ave";"3";"26";"LMEN2"
"300";"Caldwell Banks";"Reese King";"masculin";"311-1697 Facilisis Avenue";"8";"24";"INGC2"
"301";"Noel Byrd";"Lani Cherry";"masculin";"859-6750 Etiam Rd.";"7";"24";"MISI2"
"302";"Brooke Brewer";"Vera Lamb";"masculin";"356-3302 Suspendisse Rd.";"7";"25";"MISI2"
"303";"Larissa Raymond";"Claudia Young";"masculin";"146-8119 Dictum Ave";"8";"23";"INGC2"
"304";"John Schroeder";"Ava Salazar";"féminin";"122-4750 Nunc Street";"9";"27";"INGC1"
"305";"Igor Watkins";"Basia Watts";"féminin";"Ap #294-4331 Tortor. Road";"1";"26";"LMEN2"
"306";"Benedict Herring";"Simon Woodard";"féminin";"Ap #189-1400 Vestibulum Street";"9";"26";"INGC1"
"307";"Denton Shepherd";"Alma Figueroa";"féminin";"Ap #568-834 Quam. Ave";"8";"28";"INGC2"
"308";"Colorado Mooney";"Amir Burke";"féminin";"Ap #197-1184 At Street";"2";"22";"LMEN1"
"309";"Myra Keller";"Hannah Browning";"masculin";"708-810 Blandit. Avenue";"2";"19";"LMEN1"
"310";"Tate Guerra";"Julian Griffith";"masculin";"P.O. Box 824, 3380 Vel, Av.";"3";"25";"LMEN2"
"311";"Xaviera Fitzpatrick";"Emerson Conley";"masculin";"P.O. Box 556, 4704 Malesuada Street";"7";"23";"MISI2"
"312";"Jenette Guerrero";"Ferdinand Reese";"féminin";"Ap #476-8786 Curabitur Street";"9";"20";"INGC1"
"313";"Benjamin Dennis";"Leroy Daniel";"féminin";"441-5656 Iaculis Street";"9";"22";"INGC1"
"314";"Noelani Kelly";"Candace Blackburn";"féminin";"P.O. Box 413, 7162 Natoque Rd.";"7";"25";"MISI2"
"315";"Ronan Manning";"Hayden Moss";"masculin";"4417 Semper Ave";"9";"23";"INGC1"
"316";"Brendan Vance";"Kuame Adams";"féminin";"P.O. Box 325, 3831 Fusce Avenue";"3";"21";"LMEN2"
"317";"Honorato Short";"Hashim Watkins";"masculin";"Ap #672-8588 Dapibus St.";"2";"25";"LMEN1"
"318";"Nero Hayden";"Victor French";"féminin";"7973 Cursus Avenue";"4";"26";"MISI3"
"319";"Adrian Soto";"Catherine Short";"féminin";"680 Enim Road";"3";"28";"LMEN2"
"320";"Christine Bradshaw";"Matthew Sullivan";"masculin";"Ap #638-5330 Risus. Street";"7";"28";"MISI2"
"321";"Carolyn Mckay";"Sydney Rush";"masculin";"313-6725 Ut Av.";"3";"21";"LMEN2"
"322";"Quinlan Schultz";"Morgan Bates";"féminin";"3822 Aliquet, St.";"4";"24";"MISI3"
"323";"Kelly Chandler";"Reuben Ewing";"féminin";"Ap #362-8374 Libero. Rd.";"8";"17";"INGC2"
"324";"Joseph Rivers";"MacKensie Moss";"masculin";"Ap #942-1395 Dis St.";"9";"24";"INGC1"
"325";"Baker West";"Virginia Walker";"masculin";"956-8389 Faucibus St.";"5";"27";"LMEN3"
"326";"Castor Keller";"Cynthia Owen";"masculin";"390-8684 Sodales St.";"4";"26";"MISI3"
"327";"Hakeem Hernandez";"Axel Bell";"masculin";"Ap #768-656 Pellentesque Rd.";"4";"20";"MISI3"
"328";"Dustin Zamora";"Hector Calderon";"masculin";"P.O. Box 272, 6353 Ante St.";"10";"26";"INGC3"
"329";"Abra Bryant";"Vielka Herman";"féminin";"Ap #138-5454 Magnis Av.";"10";"18";"INGC3"
"330";"Kevin Durham";"Noble Whitfield";"féminin";"682-945 Erat Street";"2";"28";"LMEN1"
"331";"Berk Dunn";"Jerome Schmidt";"masculin";"Ap #792-3927 Dictum Rd.";"4";"23";"MISI3"
"332";"Marvin Barlow";"Fitzgerald Lucas";"masculin";"P.O. Box 107, 2652 Eu Road";"8";"24";"INGC2"
"333";"Flynn Stevenson";"Len Monroe";"féminin";"952-3658 Lacus. Road";"2";"23";"LMEN1"
"334";"Thaddeus Hensley";"Evelyn Pollard";"masculin";"351-8165 Dis St.";"6";"20";"INGC2"
"335";"Leah Mercado";"Kamal Bryant";"masculin";"805-6074 Semper Road";"10";"20";"INGC3"
"336";"Sophia Wooten";"Damian Hensley";"masculin";"Ap #350-4702 Scelerisque Av.";"1";"20";"LMEN2"
"337";"Zachery Castaneda";"Leandra Guerrero";"masculin";"Ap #577-8730 Nonummy Rd.";"6";"18";"INGC2"
"338";"Dacey Holman";"Liberty Welch";"féminin";"283-8939 Tellus Avenue";"6";"24";"INGC2"
"339";"Boris Terrell";"Francis Lindsay";"féminin";"Ap #366-4395 Convallis St.";"3";"25";"LMEN2"
"340";"Reagan Mcgowan";"Kareem George";"masculin";"P.O. Box 424, 3939 Pede, St.";"3";"22";"LMEN2"
"341";"Ginger Contreras";"Hu Holt";"masculin";"6913 Arcu. Road";"4";"23";"MISI3"
"342";"Jameson Eaton";"Ramona Alford";"féminin";"448-6994 Malesuada St.";"7";"22";"MISI2"
"343";"Giacomo Padilla";"Paki Dixon";"féminin";"299-3496 Metus Ave";"3";"28";"LMEN2"
"344";"Sara Gould";"Roary Soto";"féminin";"P.O. Box 823, 4997 Lorem St.";"10";"23";"INGC3"
"345";"Vladimir Cline";"Nasim Lambert";"masculin";"Ap #388-7954 Euismod Road";"5";"20";"LMEN3"
"346";"Avye Sloan";"Vanna Odom";"masculin";"Ap #193-9553 Interdum. Av.";"8";"18";"INGC2"
"347";"Walker Rush";"Adrienne Erickson";"masculin";"P.O. Box 487, 6514 Vitae, Av.";"2";"19";"LMEN1"
"348";"Nasim Cobb";"Raven Larsen";"masculin";"790-207 Eu, Road";"5";"27";"LMEN3"
"349";"Dora Bishop";"Madonna Good";"masculin";"Ap #837-2285 Ligula St.";"7";"18";"MISI2"
"350";"Stone Mcdaniel";"Pearl Cox";"masculin";"4829 Est, Street";"4";"22";"MISI3"
"351";"Len Martin";"Rachel Gross";"masculin";"Ap #113-1419 Erat, Avenue";"6";"21";"INGC2"
"352";"Jamalia Roach";"Malachi Irwin";"masculin";"Ap #866-2977 Risus. Avenue";"6";"17";"INGC2"
"353";"Philip Aguirre";"Lance Montgomery";"féminin";"Ap #470-4123 Diam. Ave";"1";"22";"LMEN2"
"354";"Jennifer Austin";"Zeus Lee";"féminin";"Ap #381-969 Arcu Avenue";"4";"25";"MISI3"
"355";"Elaine Hunter";"Tiger Logan";"masculin";"639-5727 Tempor, St.";"1";"20";"LMEN2"
"356";"Kirby Booker";"Naida Montoya";"féminin";"Ap #910-2435 Nam Rd.";"2";"25";"LMEN1"
"357";"Igor Bruce";"Francesca Weaver";"féminin";"463-2128 Aenean St.";"2";"23";"LMEN1"
"358";"Thomas Jackson";"Maggie Campbell";"féminin";"P.O. Box 913, 4148 Interdum Avenue";"8";"21";"INGC2"
"359";"Ebony Garner";"Dominique Sanders";"masculin";"354-1235 Ipsum St.";"3";"21";"LMEN2"
"360";"Odessa Giles";"Oleg Long";"féminin";"P.O. Box 855, 2660 Donec Road";"3";"24";"LMEN2"
"361";"Summer Moon";"Travis Kemp";"masculin";"482-7542 Lectus. Ave";"6";"19";"INGC2"
"362";"Alvin Hickman";"Beverly Park";"féminin";"P.O. Box 157, 3082 Est Ave";"8";"18";"INGC2"
"363";"Murphy Bennett";"Reece Stephenson";"masculin";"P.O. Box 958, 8330 Et Avenue";"4";"26";"MISI3"
"364";"Gemma Vincent";"Zenaida Carey";"féminin";"364-1321 Ante Avenue";"8";"28";"INGC2"
"365";"Forrest Chang";"Blaze Blankenship";"masculin";"Ap #679-4638 Sed St.";"10";"28";"INGC3"
"366";"Solomon Dickerson";"Libby Carpenter";"féminin";"703-1604 Bibendum St.";"4";"26";"MISI3"
"367";"Patrick Cameron";"Pascale Kirkland";"féminin";"P.O. Box 298, 4680 Suspendisse Street";"6";"25";"INGC2"
"368";"India Rose";"Rosalyn Estrada";"féminin";"4896 Nunc Ave";"2";"22";"LMEN1"
"369";"Nell James";"Chiquita Mayo";"féminin";"P.O. Box 434, 9057 Mattis. St.";"9";"17";"INGC1"
"370";"Moana Stark";"Bryar Rodriquez";"féminin";"5640 Lectus Avenue";"7";"20";"MISI2"
"371";"Tasha Spence";"Eliana Diaz";"féminin";"P.O. Box 420, 5094 Quis, Rd.";"3";"27";"LMEN2"
"372";"Brendan Kinney";"Carly Sellers";"masculin";"Ap #763-8160 Erat Rd.";"7";"20";"MISI2"
"373";"Evangeline Hood";"Gage Burgess";"masculin";"356-1821 Cursus Rd.";"9";"26";"INGC1"
"374";"Darius Calhoun";"Virginia Berger";"féminin";"521-2176 Penatibus St.";"1";"18";"LMEN2"
"375";"Hillary Macdonald";"Neil Mckinney";"masculin";"5924 Nunc St.";"2";"20";"LMEN1"
"376";"Jordan Cunningham";"Devin Mack";"masculin";"630-3707 Felis St.";"9";"28";"INGC1"
"377";"Ivory Shaffer";"Edan Murphy";"féminin";"3847 Feugiat. Rd.";"6";"19";"INGC2"
"378";"Yolanda Noble";"Lani Delaney";"masculin";"P.O. Box 985, 4207 Mattis Street";"3";"20";"LMEN2"
"379";"Penelope Ramirez";"Lenore Livingston";"masculin";"382-4383 Suspendisse Ave";"2";"27";"LMEN1"
"380";"Len Rivers";"Brynne Davidson";"féminin";"259-8555 Enim, St.";"6";"20";"INGC2"
"381";"Melvin Barnett";"Jennifer O'brien";"féminin";"Ap #122-7392 Donec Rd.";"7";"24";"MISI2"
"382";"Jasper Stafford";"Xavier Cole";"masculin";"7741 Nulla St.";"4";"28";"MISI3"
"383";"Benedict Becker";"Christopher Gross";"masculin";"323-7330 Id, St.";"3";"18";"LMEN2"
"384";"Julie Rodriquez";"Ocean Walters";"masculin";"P.O. Box 342, 7254 Bibendum Av.";"5";"26";"LMEN3"
"385";"Mason Mitchell";"Haley Glass";"masculin";"986-6837 Risus. Street";"1";"26";"LMEN2"
"386";"Dustin Wood";"Teagan Randolph";"féminin";"Ap #783-4069 Ut, Rd.";"8";"27";"INGC2"
"387";"Vernon Zimmerman";"Geoffrey Clayton";"masculin";"Ap #895-5121 Sit Avenue";"2";"27";"LMEN1"
"388";"Heather Ballard";"Dieter Hoover";"masculin";"Ap #959-8207 Proin Avenue";"6";"24";"INGC2"
"389";"Brooke Douglas";"Keelie Harrington";"masculin";"983-8544 A Rd.";"6";"19";"INGC2"
"390";"Hector Hardy";"Pamela Lara";"féminin";"8120 Dolor. St.";"4";"26";"MISI3"
"391";"Jonas Hubbard";"Jocelyn Flowers";"féminin";"788-9584 Mauris St.";"7";"24";"MISI2"
"392";"Ulla Sellers";"Jillian Houston";"féminin";"296-825 Lobortis Ave";"9";"21";"INGC1"
"393";"Kessie Woods";"Plato Harrington";"féminin";"Ap #968-7511 Turpis St.";"5";"20";"LMEN3"
"394";"Adrian Charles";"Rudyard Mcguire";"féminin";"7688 Eu Road";"3";"28";"LMEN2"
"395";"Nadine Hubbard";"Xanthus Wheeler";"féminin";"110-9848 Et Av.";"9";"26";"INGC1"
"396";"Armando Rosa";"Vernon Brennan";"masculin";"Ap #980-8836 Neque. Street";"3";"25";"LMEN2"
"397";"Caleb Silva";"Raphael Lynch";"féminin";"Ap #462-1515 Nulla Rd.";"5";"18";"LMEN3"
"398";"Judah Oliver";"Dale Heath";"masculin";"P.O. Box 273, 7656 Felis St.";"3";"21";"LMEN2"
"399";"Baker Juarez";"Oliver Weber";"féminin";"P.O. Box 632, 9074 Augue. Road";"8";"17";"INGC2"
"400";"Melinda Wagner";"Gareth George";"féminin";"Ap #753-2689 In Av.";"10";"17";"INGC3"
"401";"Lance Best";"Brenden Madden";"féminin";"Ap #188-9201 Et, Street";"8";"18";"INGC2"
"402";"Kieran Chase";"Margaret Harvey";"féminin";"3977 Quis Av.";"10";"22";"INGC3"
"403";"Hashim Mendez";"Ralph Adams";"féminin";"651-4781 Auctor, Avenue";"9";"28";"INGC1"
"404";"Lionel Alston";"Stewart Lane";"masculin";"Ap #488-6380 Duis Av.";"10";"21";"INGC3"
"405";"Alexis Hays";"Rae Dale";"masculin";"Ap #464-7026 Iaculis Road";"9";"17";"INGC1"
"406";"Aline Wade";"Leroy Hopkins";"masculin";"225-4743 Vitae Av.";"3";"25";"LMEN2"
"407";"Lavinia Shepard";"Ronan Holt";"féminin";"1157 Lacus. Street";"5";"21";"LMEN3"
"408";"Kevin Zamora";"Reuben Wolf";"masculin";"P.O. Box 764, 160 Nullam St.";"7";"17";"MISI2"
"409";"Evan Wilcox";"Blake Mercer";"masculin";"5617 Tincidunt Avenue";"5";"20";"LMEN3"
"410";"Cora Avila";"Rina Mosley";"féminin";"Ap #296-3350 Leo. Avenue";"3";"17";"LMEN2"
"411";"Leo Fleming";"Oliver Mcintyre";"féminin";"469-420 Lorem St.";"8";"18";"INGC2"
"412";"Giacomo Sloan";"Teegan Chen";"masculin";"697-6521 Ridiculus St.";"7";"26";"MISI2"
"413";"Zephr William";"Asher Trevino";"masculin";"Ap #442-1694 Dictum St.";"6";"25";"INGC2"
"414";"Tashya Brennan";"Orlando Todd";"féminin";"875-6550 Curabitur Rd.";"8";"26";"INGC2"
"415";"Carson Avila";"Elvis Hobbs";"masculin";"476-4469 At St.";"4";"22";"MISI3"
"416";"Buckminster Miller";"Athena Gillespie";"masculin";"Ap #213-3275 Aliquam St.";"2";"23";"LMEN1"
"417";"Armand Adams";"Melyssa Dale";"masculin";"P.O. Box 356, 8274 Diam St.";"2";"24";"LMEN1"
"418";"Jonah Hull";"Natalie Stafford";"masculin";"5814 Purus. Road";"5";"27";"LMEN3"
"419";"Tashya Bush";"Dana Becker";"masculin";"P.O. Box 233, 8962 Dui Rd.";"4";"22";"MISI3"
"420";"Carolyn Bowen";"Tad Bender";"féminin";"376-7954 Etiam Rd.";"1";"22";"LMEN2"
"421";"Harriet Hart";"Isaac Cotton";"masculin";"P.O. Box 179, 812 Turpis. Avenue";"8";"24";"INGC2"
"422";"Mia Quinn";"Herrod English";"féminin";"353-2655 Elit Road";"9";"27";"INGC1"
"423";"Lars Gillespie";"Brian Charles";"féminin";"2342 Malesuada Avenue";"1";"26";"LMEN2"
"424";"Chloe Mcfadden";"Julie Campos";"masculin";"544-2041 Erat Street";"5";"23";"LMEN3"
"425";"Kyra Schroeder";"Emmanuel Maldonado";"masculin";"Ap #704-2734 Senectus Rd.";"10";"24";"INGC3"
"426";"Rinah Porter";"Jermaine Hutchinson";"féminin";"Ap #778-4973 Facilisis Rd.";"10";"22";"INGC3"
"427";"Keely Bolton";"Mira Burton";"féminin";"P.O. Box 571, 574 Nulla St.";"3";"18";"LMEN2"
"428";"Silas Keller";"Carter Fulton";"féminin";"159-9674 Sed Ave";"7";"24";"MISI2"
"429";"Joseph Powers";"Basil Tate";"féminin";"475-5913 Semper Road";"10";"25";"INGC3"
"430";"Nichole Hood";"Christine Duncan";"masculin";"863-680 Non, Av.";"5";"18";"LMEN3"
"431";"Flynn Bennett";"Cruz Garner";"masculin";"848-2424 Proin Av.";"7";"26";"MISI2"
"432";"Andrew Barrera";"Knox Sellers";"masculin";"1168 Magna. Road";"9";"22";"INGC1"
"433";"MacKensie Heath";"Russell Bolton";"féminin";"P.O. Box 427, 6523 Nulla Road";"2";"22";"LMEN1"
"434";"Zane Marks";"Ciaran Dyer";"masculin";"314-2095 Nulla St.";"4";"20";"MISI3"
"435";"Rylee Garrett";"Jael Griffin";"féminin";"5936 Varius Street";"7";"17";"MISI2"
"436";"Clayton Moon";"Patience Walter";"masculin";"Ap #609-8919 Vitae, Road";"8";"28";"INGC2"
"437";"Iola Rasmussen";"Yolanda Gonzales";"masculin";"936-7696 Mi, St.";"5";"25";"LMEN3"
"438";"Jade Curtis";"Demetrius Hernandez";"masculin";"Ap #570-8177 Sed Road";"6";"20";"INGC2"
"439";"Stacy Trujillo";"Amelia Steele";"féminin";"708-9561 A, Street";"8";"26";"INGC2"
"440";"Inez Burks";"Fulton Stephens";"féminin";"Ap #244-4474 Ac Rd.";"5";"25";"LMEN3"
"441";"Vanna Banks";"Maxwell Garner";"masculin";"Ap #688-8045 Augue Av.";"5";"24";"LMEN3"
"442";"Wallace Holloway";"Rhea Boyd";"féminin";"320-200 Proin Rd.";"7";"27";"MISI2"
"443";"Uma Strickland";"Shelby Joyner";"féminin";"Ap #417-2795 Mi Rd.";"6";"26";"INGC2"
"444";"Clementine Yang";"Cally Fletcher";"masculin";"752-4561 Ac, St.";"9";"24";"INGC1"
"445";"Piper Wolfe";"Dominic Gutierrez";"masculin";"554 Orci St.";"4";"27";"MISI3"
"446";"Ashely David";"May Reynolds";"féminin";"Ap #113-9760 Enim Rd.";"4";"27";"MISI3"
"447";"Rosalyn Scott";"Raymond Moore";"féminin";"P.O. Box 433, 3696 Quis Av.";"6";"26";"INGC2"
"448";"Talon Rios";"Cruz Santos";"féminin";"3439 Sem. Rd.";"8";"19";"INGC2"
"449";"Alyssa Buck";"Tanya Glass";"masculin";"7729 Nonummy Road";"8";"22";"INGC2"
"450";"Finn Chen";"Armando Cox";"masculin";"394-1313 Eget St.";"3";"26";"LMEN2"
"451";"Emmanuel Hammond";"Zane Myers";"masculin";"245-7142 Magna St.";"2";"21";"LMEN1"
"452";"Darius Bean";"Heather Stone";"masculin";"8014 Eget Ave";"7";"25";"MISI2"
"453";"Cruz Hopper";"Shafira Hatfield";"masculin";"P.O. Box 100, 9240 Vestibulum. Road";"3";"21";"LMEN2"
"454";"Quemby Perry";"Keaton Ayers";"féminin";"902-4584 Cursus Avenue";"9";"20";"INGC1"
"455";"Stuart Dean";"Ginger Mason";"féminin";"P.O. Box 491, 4952 Tempor Av.";"2";"25";"LMEN1"
"456";"Hannah Gonzalez";"Gemma Webb";"masculin";"Ap #456-9090 Lectus St.";"7";"25";"MISI2"
"457";"Jenette Dennis";"Sara Meyers";"féminin";"Ap #433-8517 Neque. St.";"2";"21";"LMEN1"
"458";"Olivia Walton";"Colton Rhodes";"féminin";"Ap #743-6999 Lorem, St.";"1";"27";"LMEN2"
"459";"Karina Phelps";"Elizabeth Black";"féminin";"4598 At Street";"7";"26";"MISI2"
"460";"Roary Maynard";"Kennedy Haley";"masculin";"330-3732 Faucibus. St.";"2";"17";"LMEN1"
"461";"Jason Estes";"Adrian Kent";"féminin";"Ap #328-4560 A, Ave";"5";"17";"LMEN3"
"462";"Hanna Koch";"Montana Gillespie";"masculin";"Ap #729-7213 In Street";"1";"24";"LMEN2"
"463";"Justine Young";"Kelly Jenkins";"masculin";"Ap #921-1733 Sed, St.";"7";"19";"MISI2"
"464";"Danielle Suarez";"Stacey Rice";"féminin";"Ap #228-8970 Arcu Rd.";"3";"18";"LMEN2"
"465";"Hiram Curtis";"Judah Golden";"masculin";"192-4943 Nullam St.";"6";"24";"INGC2"
"466";"Lester Beasley";"Kelly Burch";"féminin";"3869 Eu Av.";"5";"28";"LMEN3"
"467";"Whitney Salazar";"Kylan Mccarty";"féminin";"752 Eget Rd.";"4";"19";"MISI3"
"468";"Aristotle Dixon";"Felix Nicholson";"féminin";"751-3554 Nisl. Rd.";"7";"25";"MISI2"
"469";"Lester Rogers";"Lesley Montoya";"féminin";"541-8766 Mollis. Rd.";"7";"22";"MISI2"
"470";"Tara Craig";"Patrick Gray";"masculin";"567-7288 Justo Rd.";"3";"23";"LMEN2"
"471";"Ariel Barber";"Ursa Slater";"féminin";"Ap #175-6084 Et Avenue";"7";"22";"MISI2"
"472";"Tyler Davenport";"Slade Adkins";"féminin";"Ap #105-7558 Duis Street";"7";"27";"MISI2"
"473";"Walker Parker";"Yvette Branch";"masculin";"679-4068 Eu, Street";"2";"26";"LMEN1"
"474";"Paul Downs";"Samson Barrera";"masculin";"871-4374 Aliquam Street";"5";"21";"LMEN3"
"475";"Fay Avery";"Keaton Stevens";"masculin";"Ap #891-3782 Eros St.";"8";"28";"INGC2"
"476";"Flynn Simmons";"Kylan Marshall";"masculin";"274-2212 Eleifend St.";"7";"27";"MISI2"
"477";"Raja Galloway";"Colton Williams";"masculin";"742-2656 Tincidunt St.";"5";"19";"LMEN3"
"478";"Mannix Floyd";"Macaulay Hubbard";"masculin";"924-8785 Mauris St.";"5";"23";"LMEN3"
"479";"Ivory Bond";"Kathleen Peterson";"féminin";"Ap #481-2043 Blandit. St.";"3";"20";"LMEN2"
"480";"Haley Alford";"Macy Bird";"masculin";"Ap #973-758 Non Rd.";"10";"22";"INGC3"
"481";"Dexter Jefferson";"Harrison Fitzpatrick";"féminin";"P.O. Box 108, 3982 Mauris Rd.";"7";"17";"MISI2"
"482";"Hamilton Merritt";"Gillian Bates";"féminin";"Ap #765-5646 Nunc. Avenue";"5";"21";"LMEN3"
"483";"Brian Romero";"Hu Sutton";"féminin";"Ap #244-4676 Adipiscing. Rd.";"5";"18";"LMEN3"
"484";"Dustin Leblanc";"Theodore Bird";"féminin";"499-1164 Elit. Rd.";"7";"21";"MISI2"
"485";"Christian Griffin";"Isaiah Short";"masculin";"2249 In Street";"3";"28";"LMEN2"
"486";"Harding Briggs";"Colt Stout";"féminin";"Ap #176-559 Mauris Rd.";"7";"24";"MISI2"
"487";"Todd Pearson";"Emily Kelley";"féminin";"P.O. Box 303, 9380 Augue Rd.";"8";"18";"INGC2"
"488";"Alfreda Landry";"Graham Bryant";"masculin";"Ap #641-2985 Est. Avenue";"4";"20";"MISI3"
"489";"Quynn Shaw";"Marsden Bartlett";"masculin";"Ap #411-7872 Eget Ave";"7";"24";"MISI2"
"490";"Donovan Conway";"Eve Mooney";"masculin";"Ap #667-7256 Massa. Ave";"3";"24";"LMEN2"
"491";"Amanda Conrad";"Rebecca Mcdaniel";"féminin";"683-2679 Dui Rd.";"6";"24";"INGC2"
"492";"Claudia Best";"Alisa Flores";"féminin";"P.O. Box 318, 6591 Posuere St.";"8";"22";"INGC2"
"493";"Gillian George";"Ivan Cole";"féminin";"3513 Curabitur Street";"7";"21";"MISI2"
"494";"Owen Pugh";"Jenette Graham";"masculin";"922-1259 Luctus. Av.";"4";"24";"MISI3"
"495";"Bethany Barnett";"Vernon Valencia";"féminin";"P.O. Box 345, 1965 Dignissim. Av.";"1";"25";"LMEN2"
"496";"Mercedes Spencer";"Gregory Rasmussen";"féminin";"Ap #650-8286 Tempor St.";"9";"24";"INGC1"
"497";"Zeus Moody";"Vladimir Rivera";"masculin";"Ap #566-3310 Cursus Av.";"2";"20";"LMEN1"
"498";"Zahir Dixon";"Dane Calhoun";"masculin";"Ap #315-5267 Tellus. St.";"9";"17";"INGC1"
"499";"Logan Cortez";"Yeo Rose";"masculin";"Ap #895-8438 Condimentum. St.";"5";"22";"LMEN3"
"500";"Solomon Sullivan";"Althea Brooks";"féminin";"808-7306 Viverra. Road";"8";"25";"INGC2"
